{"properties": [
  {
    "name": "email-sms.config",
    "type": "java.lang.String",
    "description": "A description for 'email-sms.config'"
  },
  {
    "name": "email-sms.config.use-sms-gateway",
    "type": "java.lang.String",
    "description": "A description for 'email-sms.config.use-sms-gateway'"
  },
  {
    "name": "email-sms.config.use-sms-gateway",
    "type": "java.lang.String",
    "description": "A description for 'email-sms.config.use-sms-gateway'"
  },
  {
    "name": "email-sms.config.use-sms-gateway",
    "type": "java.lang.String",
    "description": "A description for 'email-sms.config.use-sms-gateway'"
  }
]}