<?xml version="1.0" encoding="UTF-8"?>
<!DOCTYPE xml>
<Configuration status="DEBUG">

	<Properties>
		<Property name="LOG_DIR">/usr/local/vas-dashboard</Property>
		<Property name="PATTERN">%sn %d{yyyy/MM/dd HH:mm:ss,SSS} %r [%-6p] [%X{X-B3-TraceId}, %X{X-B3-SpanId}] [%t] %c{3} %C{3}.%M(%F:%L) – %m%n</Property>
	</Properties>


	<Appenders>

		<Console name="LogToConsole" target="SYSTEM_OUT">
			<PatternLayout pattern="${PATTERN}" />
		</Console>

		<RollingFile name="LogToFile"
			fileName="${LOG_DIR}/vas-dashboard.log"
			filePattern="${LOG_DIR}/$${date:yyyy-MM}/vas-dashboard-%d{MM-dd-yyyy}-%i.log.gz"
			ignoreExceptions="false">
			<PatternLayout>
				<Pattern>${PATTERN}</Pattern>
			</PatternLayout>
			<Policies>
				<TimeBasedTriggeringPolicy
					filePattern="${LOG_DIR}/vas-dashboard.%d{dd-MMM-hh}.log.gz" />
			</Policies>
			<DefaultRolloverStrategy max="5" />
		</RollingFile>

	</Appenders>
	<Loggers>
		<Logger name="com.mosambee" level="debug" additivity="false"
			includeLocation="true">
			<AppenderRef ref="LogToFile" />
			<AppenderRef ref="LogToConsole" />
		</Logger>
		<Logger
			name="org.springframework.web.filter.CommonsRequestLoggingFilter"
			level="debug" additivity="false">
			<AppenderRef ref="LogToFile" />
			<AppenderRef ref="LogToConsole" />
		</Logger>
		<Logger name="org.springframework.boot" level="error"
			additivity="false" includeLocation="true">
			<AppenderRef ref="LogToConsole" />
		</Logger>
		<Root level="error" includeLocation="true">
			<AppenderRef ref="LogToFile" />
			<AppenderRef ref="LogToConsole" />
		</Root>
	</Loggers>
</Configuration>
